<?xml version="1.0" encoding="UTF-8"?>
<beans xmlns="http://www.springframework.org/schema/beans"
       xmlns:xsi="http://www.w3.org/2001/XMLSchema-instance"
       xmlns:tx="http://www.springframework.org/schema/tx"
       xsi:schemaLocation="http://www.springframework.org/schema/beans
    http://www.springframework.org/schema/beans/spring-beans-3.0.xsd
    http://www.springframework.org/schema/tx
    http://www.springframework.org/schema/tx/spring-tx-3.0.xsd">

    <tx:annotation-driven transaction-manager="jpaTxnManagerBean" proxy-target-class="true"/>

    <bean id="dataSource" class="org.springframework.jdbc.datasource.DriverManagerDataSource">
        <property name="driverClassName" value="oracle.jdbc.driver.OracleDriver"></property>
        <property name="url" value="jdbc:oracle:thin:@localhost:3306:xe"></property>
        <property name="username" value="root"></property>
        <property name="password" value="root"></property>
    </bean>

    <bean id="jpaTemplate" class="org.springframework.orm.jpa.JpaTemplate">
        <property name="entityManagerFactory" value=""></property>
    </bean>
</beans>