<?xml version="1.0" encoding="UTF-8"?>
<beans xmlns="http://www.springframework.org/schema/beans"
	xmlns:xsi="http://www.w3.org/2001/XMLSchema-instance"
	xmlns:context="http://www.springframework.org/schema/context"
	xmlns:mvc="http://www.springframework.org/schema/mvc"
	xmlns:security="http://www.springframework.org/schema/security"
	xsi:schemaLocation="  
        http://www.springframework.org/schema/beans  
        http://www.springframework.org/schema/beans/spring-beans.xsd  
        http://www.springframework.org/schema/context  
        http://www.springframework.org/schema/context/spring-context.xsd  
        http://www.springframework.org/schema/mvc  
        http://www.springframework.org/schema/mvc/spring-mvc.xsd
        http://www.springframework.org/schema/security
        http://www.springframework.org/schema/security/spring-security.xsd">

	<!-- Provide support for component scanning -->
	<context:component-scan base-package="spr2" />

	<!--Provide support for conversion, formatting and validation -->
	<mvc:annotation-driven />

	<security:http auto-config="true">
		<security:intercept-url pattern="/admin"
			access="hasAccess('ADMIN_ROLE')" />
	</security:http>


	<security:authentication-manager>
		<security:authentication-provider>
			<security:user-service>
				<security:user name="admin" password="1234"
					authorities="hasRole('ADMIN_ROLE')" />
			</security:user-service>
		</security:authentication-provider>
	</security:authentication-manager>

</beans>  