<?xml version="1.0" encoding="UTF-8"?>
<beans
	xmlns="http://www.springframework.org/schema/beans"
	xmlns:xsi="http://www.w3.org/2001/XMLSchema-instance"
	xmlns:p="http://www.springframework.org/schema/p"
	xsi:schemaLocation="http://www.springframework.org/schema/beans http://www.springframework.org/schema/beans/spring-beans-3.0.xsd">

<bean id="address" class="tmtTrain.Address">
<constructor-arg value="Delhi"></constructor-arg>
<constructor-arg value="New Delhi"></constructor-arg>
<constructor-arg value="India"></constructor-arg>
</bean>

 <bean id="std" class="tmtTrain.Student">	
<constructor-arg value="101" type="int"></constructor-arg>
<constructor-arg value="name1" ></constructor-arg>
<constructor-arg>
<ref bean="address" />
</constructor-arg>
</bean>	 

 <bean id="std2" class="tmtTrain.Student">	
</bean>	 


<bean id="emp" class="tmtTrain.Employee" init-method="init" destroy-method="destroy">
<property name="id">
<value>101</value>
</property>
<property name="name">
<value>Name1</value>
</property>
<property name="city"><value>Hyderabad</value></property>
<property name="state"><value>Telangana</value></property>

</bean>

<bean id="b" class="tmtTrain.Autowire_B">
</bean>
<bean id="a" class="tmtTrain.Autowiring_A" autowire="byName">
</bean>

<bean id="hello" class="tmtTrain.HelloEvent" scope="prototype">
<property name="mesasge" value="hello from bean" />
</bean>
<bean id="zStartEventHandler" class="tmtTrain.ZStartEventHandler" />
<bean id="zStopEventHandler" class="tmtTrain.ZStopHandler" />


<bean id="custom" class="tmtTrain.CustomEventPublisher" />
<bean id="custHandler" class="tmtTrain.CustomEventHandler" />

	
</beans>